<?xml version="1.0" encoding="UTF-8"?><rss version="2.0"
	xmlns:content="http://purl.org/rss/1.0/modules/content/"
	xmlns:wfw="http://wellformedweb.org/CommentAPI/"
	xmlns:dc="http://purl.org/dc/elements/1.1/"
	xmlns:atom="http://www.w3.org/2005/Atom"
	xmlns:sy="http://purl.org/rss/1.0/modules/syndication/"
	xmlns:slash="http://purl.org/rss/1.0/modules/slash/"
	>

<channel>
	<title>Paul Teisson &#8211; Wakan Dōjō</title>
	<atom:link href="/author/paul/feed/" rel="self" type="application/rss+xml" />
	<link>/</link>
	<description>Association parisienne de Ninjutsu</description>
	<lastBuildDate>Fri, 08 Mar 2024 08:08:53 +0000</lastBuildDate>
	<language>fr-FR</language>
	<sy:updatePeriod>
	hourly	</sy:updatePeriod>
	<sy:updateFrequency>
	1	</sy:updateFrequency>
	<generator>https://wordpress.org/?v=6.4.3</generator>

<image>
	<url>/wp-content/uploads/2023/05/cropped-345149070_235943165747703_5249190084016081222_n-32x32.jpg</url>
	<title>Paul Teisson &#8211; Wakan Dōjō</title>
	<link>/</link>
	<width>32</width>
	<height>32</height>
</image> 
	<item>
		<title>Ouverture du dojo à la rentrée 2023-2024!</title>
		<link>/2023/05/07/ouverture-prochaine/</link>
		
		<dc:creator><![CDATA[Paul Teisson]]></dc:creator>
		<pubDate>Sun, 07 May 2023 14:52:19 +0000</pubDate>
				<category><![CDATA[Non classé]]></category>
		<guid isPermaLink="false">/?p=1</guid>

					<description><![CDATA[Les cours ont commencé pour la première année du Dojo. Toutes les infos dans la section Info &#38; Contacts]]></description>
										<content:encoded><![CDATA[
<p>Les cours ont commencé pour la première année du Dojo. Toutes les infos dans la section <a href="#panel1" data-type="internal" data-id="#panel1">Info &amp; Contacts</a></p>
]]></content:encoded>
					
		
		
			</item>
	</channel>
</rss>
